username,user_id,likes,caption,url,typename,comment,time
ligiamous79,54035868039,0,null,https://www.instagram.com/p/CfNgqorK6SR,GraphImage,0,2022-06-25 10:14:15
ligiamous79,54035868039,0,null,https://www.instagram.com/p/CfNgnCKKR8b,GraphImage,0,2022-06-25 10:13:46
ligiamous79,54035868039,0,null,https://www.instagram.com/p/CfNgjp1KRz1,GraphImage,0,2022-06-25 10:13:18
ligiamous79,54035868039,0,null,https://www.instagram.com/p/CfNggNcqo1T,GraphImage,0,2022-06-25 10:12:50
ligiamous79,54035868039,0,null,https://www.instagram.com/p/CfNgckzKZtu,GraphImage,0,2022-06-25 10:12:20
ligiamous79,54035868039,0,null,https://www.instagram.com/p/CfNgYrDqX4k,GraphImage,0,2022-06-25 10:11:48
ligiamous79,54035868039,0,null,https://www.instagram.com/p/CfNgVDzKgeW,GraphImage,0,2022-06-25 10:11:19
ligiamous79,54035868039,0,null,https://www.instagram.com/p/CfNgRO-q8sB,GraphImage,0,2022-06-25 10:10:47
ligiamous79,54035868039,0,null,https://www.instagram.com/p/CfNgNlFq0jo,GraphImage,0,2022-06-25 10:10:17
_sneha_hh_,52275449175,132,"sá´ÉªÊŸá´‡ ! 
 
 "" ÊŸÉªÒ“á´‡ Éªs sÊœá´Ê€á´› ""

âœ¿ ğ’ğ¦ğ¢ğ¥ğ ğ–ğ¡ğ¢ğ¥ğ ğ˜ğ¨ğ® ğ’ğ­ğ¢ğ¥ğ¥ ğ‡ğšğ¯ğ ğ“ğğğ­ğ¡ âœ¿
. 
. 
. 
. 
. 
. 
#keralagram #keralaphotography #keralareelsğŸ¥€ #modelsofkerala 
#instagram #keralaexplore",https://www.instagram.com/p/Ce8mhhGpCUk,GraphSidecar,50,2022-06-18 20:38:21
_sneha_hh_,52275449175,173,"â™¡ğŸ«‚â™¡
.
.
.
.
.
.
.

!

#friendship #keralagram #keraladiaries #keralareelsğŸ¥€
#friendshipgoals #friends",https://www.instagram.com/p/CeBkj7ssh6y,GraphSidecar,59,2022-05-26 22:26:01
_sneha_hh_,52275449175,169,"""
 êœ±á´ÉªÊŸá´‡! Éªá´› Éªêœ± á´€ êœ°Ê€á´‡á´‡ á´›Êœá´‡Ê€á´€á´˜Ê !! ğŸ˜Š
.
.
.
.
.
.
.
.
.
 #keralagodsowncountry #keralareelsğŸ¥€
#keraladiaries #keralaphotography",https://www.instagram.com/p/CdBXF40PI0D,GraphSidecar,73,2022-05-01 23:56:55
_sneha_hh_,52275449175,190,@banglore ğŸ‚,https://www.instagram.com/p/CbUFZNMlPnn,GraphImage,54,2022-03-20 13:25:03
shaylinjanelle,3075514306,454,"ya! ya! ya! ya! sheâ€™Stylish, looks like @billieeilish #tutting #beatmaker #femaleproducer",https://www.instagram.com/p/CejWn78P0PD,GraphVideo,0,2022-06-09 01:18:39
shaylinjanelle,3075514306,555,$hay$hay on the beat â™ª,https://www.instagram.com/p/CdEheW7MzWB,GraphVideo,0,2022-05-03 05:25:52
shaylinjanelle,3075514306,710,"think about me a lot?
let me dominate your thoughts â˜¯ï¸",https://www.instagram.com/p/CcYeBl9O5g7,GraphVideo,0,2022-04-16 02:51:20
shaylinjanelle,3075514306,602,"â €ğŸ—¡ (ğš–ğš ğšğšğšŠğšğšğš›ğš’ğš—ğš ((ğ™¶ğ™¾ğ™³) ğšğšğšŠğšğšğš›ğš’ğš—ğš ğš–ğš))
ğšŒğšŠğš—â€™ğš ğšŒğš›ğšŠğšŒğš” ğš–ğš¢ ğŸ©¸
â € â € â €ğšŒ
â €â € ğš˜ğ’…’ğš 
â €â €â €â € ğš",https://www.instagram.com/p/Cbuxs5zAsST,GraphVideo,0,2022-03-30 22:13:43
shaylinjanelle,3075514306,1180,"ğŸ¯ğŸ¥ƒ

ÊzoÉ” sá´‰ ÊÆƒÉ¹ÇuÇ ÊÉ¯ zoÉ” lÇÇÉŸ noÊ ÇÊÉÉ¯ uÉÉ” á´‰
ÊssÇuuÇÉ¥ ÊÇuoÉ¥ É¹noÊ Çq plnoÉ” ÇÉ¥s",https://www.instagram.com/p/CbOapSVuXdd,GraphVideo,0,2022-03-18 08:35:29
shaylinjanelle,3075514306,170,ğŸ†“GIRLâŒ–GAğŸ†–,https://www.instagram.com/p/CKUmlrZHG7h,GraphVideo,0,2021-01-22 05:21:46
shaylinjanelle,3075514306,245,& iÍœÍ fÍœÍlÍœÍoÍœÍaÍœÍtÍœÍ (all this blissâ€”iâ€™m blitzed),https://www.instagram.com/p/CEKi9cfDqSr,GraphVideo,0,2020-08-22 04:30:11
shaylinjanelle,3075514306,366,iâ€™m Ä­k-skloÍoâ€²sÄ­v; a design of divine luxury à®‡,https://www.instagram.com/p/B-7e9iUjfGk,GraphVideo,0,2020-04-14 01:30:52
shaylinjanelle,3075514306,454,"ya! ya! ya! ya! sheâ€™Stylish, looks like @billieeilish #tutting #beatmaker #femaleproducer",https://www.instagram.com/p/CejWn78P0PD,GraphVideo,0,2022-06-09 01:18:39
shaylinjanelle,3075514306,555,$hay$hay on the beat â™ª,https://www.instagram.com/p/CdEheW7MzWB,GraphVideo,0,2022-05-03 05:25:52
shaylinjanelle,3075514306,710,"think about me a lot?
let me dominate your thoughts â˜¯ï¸",https://www.instagram.com/p/CcYeBl9O5g7,GraphVideo,0,2022-04-16 02:51:20
shaylinjanelle,3075514306,602,"â €ğŸ—¡ (ğš–ğš ğšğšğšŠğšğšğš›ğš’ğš—ğš ((ğ™¶ğ™¾ğ™³) ğšğšğšŠğšğšğš›ğš’ğš—ğš ğš–ğš))
ğšŒğšŠğš—â€™ğš ğšŒğš›ğšŠğšŒğš” ğš–ğš¢ ğŸ©¸
â € â € â €ğšŒ
â €â € ğš˜ğ’…’ğš 
â €â €â €â € ğš",https://www.instagram.com/p/Cbuxs5zAsST,GraphVideo,0,2022-03-30 22:13:43
shaylinjanelle,3075514306,1180,"ğŸ¯ğŸ¥ƒ

ÊzoÉ” sá´‰ ÊÆƒÉ¹ÇuÇ ÊÉ¯ zoÉ” lÇÇÉŸ noÊ ÇÊÉÉ¯ uÉÉ” á´‰
ÊssÇuuÇÉ¥ ÊÇuoÉ¥ É¹noÊ Çq plnoÉ” ÇÉ¥s",https://www.instagram.com/p/CbOapSVuXdd,GraphVideo,0,2022-03-18 08:35:29
shaylinjanelle,3075514306,170,ğŸ†“GIRLâŒ–GAğŸ†–,https://www.instagram.com/p/CKUmlrZHG7h,GraphVideo,0,2021-01-22 05:21:46
shaylinjanelle,3075514306,245,& iÍœÍ fÍœÍlÍœÍoÍœÍaÍœÍtÍœÍ (all this blissâ€”iâ€™m blitzed),https://www.instagram.com/p/CEKi9cfDqSr,GraphVideo,0,2020-08-22 04:30:11
shaylinjanelle,3075514306,366,iâ€™m Ä­k-skloÍoâ€²sÄ­v; a design of divine luxury à®‡,https://www.instagram.com/p/B-7e9iUjfGk,GraphVideo,0,2020-04-14 01:30:52
shaylinjanelle,3075514306,454,"ya! ya! ya! ya! sheâ€™Stylish, looks like @billieeilish #tutting #beatmaker #femaleproducer",https://www.instagram.com/p/CejWn78P0PD,GraphVideo,0,2022-06-09 01:18:39
shaylinjanelle,3075514306,555,$hay$hay on the beat â™ª,https://www.instagram.com/p/CdEheW7MzWB,GraphVideo,0,2022-05-03 05:25:52
shaylinjanelle,3075514306,710,"think about me a lot?
let me dominate your thoughts â˜¯ï¸",https://www.instagram.com/p/CcYeBl9O5g7,GraphVideo,0,2022-04-16 02:51:20
shaylinjanelle,3075514306,602,"â €ğŸ—¡ (ğš–ğš ğšğšğšŠğšğšğš›ğš’ğš—ğš ((ğ™¶ğ™¾ğ™³) ğšğšğšŠğšğšğš›ğš’ğš—ğš ğš–ğš))
ğšŒğšŠğš—â€™ğš ğšŒğš›ğšŠğšŒğš” ğš–ğš¢ ğŸ©¸
â € â € â €ğšŒ
â €â € ğš˜ğ’…’ğš 
â €â €â €â € ğš",https://www.instagram.com/p/Cbuxs5zAsST,GraphVideo,0,2022-03-30 22:13:43
shaylinjanelle,3075514306,1180,"ğŸ¯ğŸ¥ƒ

ÊzoÉ” sá´‰ ÊÆƒÉ¹ÇuÇ ÊÉ¯ zoÉ” lÇÇÉŸ noÊ ÇÊÉÉ¯ uÉÉ” á´‰
ÊssÇuuÇÉ¥ ÊÇuoÉ¥ É¹noÊ Çq plnoÉ” ÇÉ¥s",https://www.instagram.com/p/CbOapSVuXdd,GraphVideo,0,2022-03-18 08:35:29
shaylinjanelle,3075514306,170,ğŸ†“GIRLâŒ–GAğŸ†–,https://www.instagram.com/p/CKUmlrZHG7h,GraphVideo,0,2021-01-22 05:21:46
shaylinjanelle,3075514306,245,& iÍœÍ fÍœÍlÍœÍoÍœÍaÍœÍtÍœÍ (all this blissâ€”iâ€™m blitzed),https://www.instagram.com/p/CEKi9cfDqSr,GraphVideo,0,2020-08-22 04:30:11
shaylinjanelle,3075514306,366,iâ€™m Ä­k-skloÍoâ€²sÄ­v; a design of divine luxury à®‡,https://www.instagram.com/p/B-7e9iUjfGk,GraphVideo,0,2020-04-14 01:30:52
shaylinjanelle,3075514306,454,"ya! ya! ya! ya! sheâ€™Stylish, looks like @billieeilish #tutting #beatmaker #femaleproducer",https://www.instagram.com/p/CejWn78P0PD,GraphVideo,0,2022-06-09 01:18:39
shaylinjanelle,3075514306,555,$hay$hay on the beat â™ª,https://www.instagram.com/p/CdEheW7MzWB,GraphVideo,0,2022-05-03 05:25:52
shaylinjanelle,3075514306,710,"think about me a lot?
let me dominate your thoughts â˜¯ï¸",https://www.instagram.com/p/CcYeBl9O5g7,GraphVideo,0,2022-04-16 02:51:20
shaylinjanelle,3075514306,602,"â €ğŸ—¡ (ğš–ğš ğšğšğšŠğšğšğš›ğš’ğš—ğš ((ğ™¶ğ™¾ğ™³) ğšğšğšŠğšğšğš›ğš’ğš—ğš ğš–ğš))
ğšŒğšŠğš—â€™ğš ğšŒğš›ğšŠğšŒğš” ğš–ğš¢ ğŸ©¸
â € â € â €ğšŒ
â €â € ğš˜ğ’…’ğš 
â €â €â €â € ğš",https://www.instagram.com/p/Cbuxs5zAsST,GraphVideo,0,2022-03-30 22:13:43
shaylinjanelle,3075514306,1180,"ğŸ¯ğŸ¥ƒ

ÊzoÉ” sá´‰ ÊÆƒÉ¹ÇuÇ ÊÉ¯ zoÉ” lÇÇÉŸ noÊ ÇÊÉÉ¯ uÉÉ” á´‰
ÊssÇuuÇÉ¥ ÊÇuoÉ¥ É¹noÊ Çq plnoÉ” ÇÉ¥s",https://www.instagram.com/p/CbOapSVuXdd,GraphVideo,0,2022-03-18 08:35:29
shaylinjanelle,3075514306,170,ğŸ†“GIRLâŒ–GAğŸ†–,https://www.instagram.com/p/CKUmlrZHG7h,GraphVideo,0,2021-01-22 05:21:46
shaylinjanelle,3075514306,245,& iÍœÍ fÍœÍlÍœÍoÍœÍaÍœÍtÍœÍ (all this blissâ€”iâ€™m blitzed),https://www.instagram.com/p/CEKi9cfDqSr,GraphVideo,0,2020-08-22 04:30:11
shaylinjanelle,3075514306,366,iâ€™m Ä­k-skloÍoâ€²sÄ­v; a design of divine luxury à®‡,https://www.instagram.com/p/B-7e9iUjfGk,GraphVideo,0,2020-04-14 01:30:52
mr_anas_khan_offical,49598829919,24,"@mr_anas_khan_offical  follow gys plz...
.
.
.
#jathiratnalu #shidhumoosewala 
#jattmid #newtrending #explore #allindia #shere",https://www.instagram.com/p/Cep9opejtNo,GraphVideo,9,2022-06-11 14:58:11
mr_anas_khan_offical,49598829919,40,null,https://www.instagram.com/p/CeSbl_1s6XI,GraphVideo,10,2022-06-02 11:35:11
mr_anas_khan_offical,49598829919,32,"@mr_anas_khan_offical  follow kro gys...
.
.
.#jattlife #likeforlikes #conmiradademadre #yaralb_lovers  #bestfriends",https://www.instagram.com/p/CeIurd7vCId,GraphImage,6,2022-05-29 17:09:06
mr_anas_khan_offical,49598829919,53,"Feel it ğŸ’ğŸ’ live in Kashmeer ğŸ˜
.
.#arjitsingh 

.
.
#Sad  #sadness  #sadquotes  #sadboys  #sadgirl  #sadboy  #sadniggahours  #sadquote  #sadedits  #sadface  #sado  #sadday  #sadiesink  #saddle  #sade  #sadlovequotes #sadie  #sadbutrad  #sadhu  #sadvideos  #sadnessquotes  #sadist  #sadgirlsclub  #sadlove  #sadmemes",https://www.instagram.com/p/Cd3QyQ0sJe8,GraphVideo,9,2022-05-22 22:24:12
mr_anas_khan_offical,49598829919,43,"@mr_anas_khan_offical ......
.
.
.

......#jattlifestyle #vairalvideo #laybhari #punjabisong #sardarkhan",https://www.instagram.com/p/CduyxQvMyGr,GraphVideo,5,2022-05-19 15:28:43
mr_anas_khan_offical,49598829919,50,Sound â˜ºï¸..... . . . . .  #jattmindâš ï¸ #punjabisongs #vnvideoeditor  #viral #newtrend #video,https://www.instagram.com/p/CdqtI0cuGST,GraphVideo,0,2022-05-18 01:21:27
mr_anas_khan_offical,49598829919,46,Sochun mai jo tham jaye pal ye pass mere jb ho tumğŸ¥³ğŸ¥³ğŸ¥³ğŸ¥³ğŸ¥³ like follow gys plzğŸ˜,https://www.instagram.com/p/CdjAvXXt1za,GraphVideo,0,2022-05-15 01:36:46
mr_anas_khan_offical,49598829919,53,"Royal Enfield lover mention your friend bullet lover ğŸ”¥ğŸ”¥ğŸ”¥ğŸ”¥ğŸ”¥ğŸ”¥ğŸ”¥
ğŸ”¥",https://www.instagram.com/p/CdTVspNPcea,GraphVideo,7,2022-05-08 23:32:11
mr_anas_khan_offical,49598829919,49,bade bhai hai sab tag your bade bhaiâ£ï¸â£ï¸â£ï¸,https://www.instagram.com/p/CdIHWXpvLFn,GraphImage,13,2022-05-04 14:54:03
mr_anas_khan_offical,49598829919,50,ğ“œğ“ªğ“² ğ“µğ“²ğ“´ğ“± ğ“­ğ“ª ğ“±ğ“¾ğ“· ğ“­ğ“ªğ“¼ ğ“½ğ“®ğ“»ğ“® ğ“«ğ“ªğ“µğ“® ğ“¾ğ“» ğ“²ğ”‚ğ“® ğ“½ğ“ªğ“° ğ”‚ğ“¸ğ“¾ğ“» ğ“µğ“¸ğ“¿ğ“® ğŸ¥°,https://www.instagram.com/p/Ccs8lCplsx8,GraphVideo,17,2022-04-24 01:41:41
mr_anas_khan_offical,49598829919,59,ğ‘¯ğ’Š ğ’ˆğ’šğ’” ğ’‡ğ’ğ’ğ’ğ’ğ’˜ ğ’Œğ’“ğ’ ğ’ğ’Šğ’Œğ’†  ğ’ğ’†ğ’“ğ’Š ğ’‹ğ’‚ğ’‚ğ’ğ’ğŸ’ğŸ’ğŸ’,https://www.instagram.com/p/CcSCAg7LEgD,GraphVideo,10,2022-04-13 14:51:18
mr_anas_khan_offical,49598829919,94,ğ“‘ğ“ªğ“½ğ“¸ğ“·ğ“´ğ“¸ ğ“½ğ“®ğ“»ğ“² ğ“±ğ“¾ğ“¶ ğ“«ğ“±ğ“¾ğ“µğ“ª ğ“·ğ“ª ğ“¼ğ“ªğ“´ğ“® ğŸ˜”ğŸ˜”ğŸ˜”ğŸ’—ğŸ’ğŸ˜”ğŸ˜”ğŸ˜”ğŸ˜”,https://www.instagram.com/p/CcQjpmXlH-c,GraphVideo,11,2022-04-13 01:04:25
